{
    "name": "root",
    "metadata": {
        "timer_format_version": "0.1.0",
        "start_time_seconds": "1681887466",
        "python_version": "3.9.13 (tags/v3.9.13:6de2ca5, May 17 2022, 16:36:42) [MSC v.1929 64 bit (AMD64)]",
        "command_line_arguments": "E:\\Unity Projects\\ML-Agent\\venv\\Scripts\\mlagents-learn --run-id=Test4",
        "mlagents_version": "0.30.0",
        "mlagents_envs_version": "0.30.0",
        "communication_protocol_version": "1.5.0",
        "pytorch_version": "2.0.0+cpu",
        "numpy_version": "1.21.2",
        "end_time_seconds": "1681887543"
    },
    "total": 76.276828,
    "count": 1,
    "self": 0.0028882000000010066,
    "children": {
        "run_training.setup": {
            "total": 0.015815399999999924,
            "count": 1,
            "self": 0.015815399999999924
        },
        "TrainerController.start_learning": {
            "total": 76.2581244,
            "count": 1,
            "self": 0.030183500000063646,
            "children": {
                "TrainerController._reset_env": {
                    "total": 4.6352295,
                    "count": 1,
                    "self": 4.6352295
                },
                "TrainerController.advance": {
                    "total": 71.53018659999995,
                    "count": 2802,
                    "self": 0.02602459999982898,
                    "children": {
                        "env_step": {
                            "total": 71.36022500000009,
                            "count": 2802,
                            "self": 70.19465970000009,
                            "children": {
                                "SubprocessEnvManager._take_step": {
                                    "total": 1.1472580000000008,
                                    "count": 2802,
                                    "self": 0.09203759999997718,
                                    "children": {
                                        "TorchPolicy.evaluate": {
                                            "total": 1.0552204000000236,
                                            "count": 2761,
                                            "self": 1.0552204000000236
                                        }
                                    }
                                },
                                "workers": {
                                    "total": 0.018307300000000915,
                                    "count": 2801,
                                    "self": 0.0,
                                    "children": {
                                        "worker_root": {
                                            "total": 9.734032100000011,
                                            "count": 2801,
                                            "is_parallel": true,
                                            "self": 2.641352499999998,
                                            "children": {
                                                "steps_from_proto": {
                                                    "total": 0.00018949999999939848,
                                                    "count": 1,
                                                    "is_parallel": true,
                                                    "self": 6.239999999912982e-05,
                                                    "children": {
                                                        "_process_rank_one_or_two_observation": {
                                                            "total": 0.00012710000000026866,
                                                            "count": 2,
                                                            "is_parallel": true,
                                                            "self": 0.00012710000000026866
                                                        }
                                                    }
                                                },
                                                "UnityEnvironment.step": {
                                                    "total": 7.092490100000013,
                                                    "count": 2801,
                                                    "is_parallel": true,
                                                    "self": 0.1069661000000286,
                                                    "children": {
                                                        "UnityEnvironment._generate_step_input": {
                                                            "total": 0.09018020000000604,
                                                            "count": 2801,
                                                            "is_parallel": true,
                                                            "self": 0.09018020000000604
                                                        },
                                                        "communicator.exchange": {
                                                            "total": 6.6294419000000016,
                                                            "count": 2801,
                                                            "is_parallel": true,
                                                            "self": 6.6294419000000016
                                                        },
                                                        "steps_from_proto": {
                                                            "total": 0.26590189999997715,
                                                            "count": 2801,
                                                            "is_parallel": true,
                                                            "self": 0.11852629999998943,
                                                            "children": {
                                                                "_process_rank_one_or_two_observation": {
                                                                    "total": 0.14737559999998773,
                                                                    "count": 5602,
                                                                    "is_parallel": true,
                                                                    "self": 0.14737559999998773
                                                                }
                                                            }
                                                        }
                                                    }
                                                }
                                            }
                                        }
                                    }
                                }
                            }
                        },
                        "trainer_advance": {
                            "total": 0.1439370000000313,
                            "count": 2801,
                            "self": 0.03467399999999898,
                            "children": {
                                "process_trajectory": {
                                    "total": 0.1092630000000323,
                                    "count": 2801,
                                    "self": 0.1092630000000323
                                }
                            }
                        }
                    }
                },
                "TrainerController._save_models": {
                    "total": 0.06252479999999139,
                    "count": 1,
                    "self": 0.010847699999985139,
                    "children": {
                        "RLTrainer._checkpoint": {
                            "total": 0.05167710000000625,
                            "count": 1,